location,area,bedrooms,bathrooms,floor,total_floors,parking,furnishing,property_type,amenities,age,price
Nikol,800,2,2,2,5,1,0,0,1,10,34
Nikol,900,2,2,3,5,1,1,0,2,6,41
Nikol,1000,2,2,4,5,1,1,0,2,3,47
Naroda,900,2,2,2,5,1,0,0,1,9,38
Naroda,1100,3,2,3,5,1,1,0,2,7,49
Naroda,1200,3,2,4,5,1,1,0,2,4,57
Naroda,1400,3,3,5,5,2,2,0,3,2,68
Vastral,1000,2,2,2,5,1,0,0,1,8,40
Vastral,1200,3,2,3,5,1,1,0,2,6,53
Vastral,1400,3,3,4,5,2,1,0,3,3,67
Vastral,1600,4,3,5,5,2,2,0,4,2,79
Bapunagar,900,2,2,2,5,1,0,0,1,10,36
Bapunagar,1100,3,2,3,5,1,1,0,2,7,48
Bapunagar,1300,3,3,4,5,2,1,0,3,4,61
Bapunagar,1500,4,3,5,5,2,2,0,4,2,74
Chandkheda,1000,2,2,2,5,1,1,0,2,8,46
Chandkheda,1200,3,2,3,5,1,1,0,3,6,59
Chandkheda,1500,3,3,4,5,2,2,0,4,3,75
Chandkheda,1800,4,3,5,5,2,2,0,5,2,91
Gota,1200,3,2,2,5,1,1,0,3,8,60
Gota,1400,3,3,3,5,2,1,0,4,6,72
Gota,1600,4,3,4,5,2,2,0,5,3,88
Gota,2000,4,4,5,5,2,2,0,6,2,108
Satellite,1200,3,2,3,7,1,1,0,4,8,75
Satellite,1500,3,3,5,7,2,2,0,5,5,94
Satellite,1800,4,3,6,7,2,2,0,6,3,116
Satellite,2200,4,4,7,7,2,2,0,7,1,142
Prahladnagar,1300,3,2,4,7,1,1,0,4,7,82
Prahladnagar,1600,3,3,5,7,2,2,0,5,4,105
Prahladnagar,2000,4,4,6,7,2,2,0,7,2,132
Bodakdev,1400,3,3,4,7,2,2,0,5,8,98
Bodakdev,1700,3,3,6,7,2,2,0,6,5,121
Bodakdev,2100,4,4,7,7,2,2,0,8,3,153
Bodakdev,2500,4,5,8,8,3,2,0,9,1,185
Shela,1500,3,3,2,5,2,1,0,4,7,68
Shela,1800,3,3,3,5,2,2,0,5,4,83
Shela,2200,4,4,4,5,2,2,0,7,2,106
Shela,2800,4,5,5,5,3,2,1,9,1,139
Thaltej,1500,3,3,3,7,2,2,0,5,8,92
Thaltej,1900,4,3,5,7,2,2,0,7,5,119
Thaltej,2300,4,4,6,7,3,2,1,8,2,151
Thaltej,3000,5,5,7,7,3,2,1,9,1,195